Date,Year,MonthNumber,MonthName,DayOfMonth,DayName,Quarter,IsWeekend
2026-02-25,2026,2,February,25,Wednesday,Q1,false
2026-02-26,2026,2,February,26,Thursday,Q1,false
2026-02-27,2026,2,February,27,Friday,Q1,false
2026-02-28,2026,2,February,28,Saturday,Q1,true
2026-03-01,2026,3,March,1,Sunday,Q1,true
2026-03-02,2026,3,March,2,Monday,Q1,false
2026-03-03,2026,3,March,3,Tuesday,Q1,false
2026-03-04,2026,3,March,4,Wednesday,Q1,false
2026-03-05,2026,3,March,5,Thursday,Q1,false
2026-03-06,2026,3,March,6,Friday,Q1,false
2026-03-07,2026,3,March,7,Saturday,Q1,true
2026-03-08,2026,3,March,8,Sunday,Q1,true
2026-03-09,2026,3,March,9,Monday,Q1,false
2026-03-10,2026,3,March,10,Tuesday,Q1,false
2026-03-11,2026,3,March,11,Wednesday,Q1,false
2026-03-12,2026,3,March,12,Thursday,Q1,false
2026-03-13,2026,3,March,13,Friday,Q1,false
2026-03-14,2026,3,March,14,Saturday,Q1,true
2026-03-15,2026,3,March,15,Sunday,Q1,true
2026-03-16,2026,3,March,16,Monday,Q1,false
2026-03-17,2026,3,March,17,Tuesday,Q1,false
2026-03-18,2026,3,March,18,Wednesday,Q1,false
2026-03-19,2026,3,March,19,Thursday,Q1,false
2026-03-20,2026,3,March,20,Friday,Q1,false
2026-03-21,2026,3,March,21,Saturday,Q1,true
2026-03-22,2026,3,March,22,Sunday,Q1,true
2026-03-23,2026,3,March,23,Monday,Q1,false
2026-03-24,2026,3,March,24,Tuesday,Q1,false
2026-03-25,2026,3,March,25,Wednesday,Q1,false
2026-03-26,2026,3,March,26,Thursday,Q1,false
2026-03-27,2026,3,March,27,Friday,Q1,false
2026-03-28,2026,3,March,28,Saturday,Q1,true
2026-03-29,2026,3,March,29,Sunday,Q1,true
2026-03-30,2026,3,March,30,Monday,Q1,false
2026-03-31,2026,3,March,31,Tuesday,Q1,false
2026-04-01,2026,4,April,1,Wednesday,Q2,false
2026-04-02,2026,4,April,2,Thursday,Q2,false
2026-04-03,2026,4,April,3,Friday,Q2,false
2026-04-04,2026,4,April,4,Saturday,Q2,true
2026-04-05,2026,4,April,5,Sunday,Q2,true
2026-04-06,2026,4,April,6,Monday,Q2,false
2026-04-07,2026,4,April,7,Tuesday,Q2,false
2026-04-08,2026,4,April,8,Wednesday,Q2,false
2026-04-09,2026,4,April,9,Thursday,Q2,false
2026-04-10,2026,4,April,10,Friday,Q2,false
